userId,answerOne,answerTwo,questionOne,questionTwo,safeDeposit,BoxNumber
p90LvS2iDJdqc0qfHqAtezxlFc63,dhoni,Canada,What is your favourite cricketer?,Where is halifax in?,8000,1234-5fq2-6gdgd
p90LvS2iDJdqc0qfHqAtezxlFc63,dhoni,Canada,What is your favourite cricketer?,Where is halifax in?,3600,1234-5fq2-6gdgd
mHT6mudG8JMxqCIMO2ud99eL8oH2,Merc,Benz,Your favourite vehicle?,Your favourite food?,5000,2313-4fh4-8djdr
ZnCLJWyVJKYu7uehUYe5TNDDYzV2,Mustang,kat,Your favourite vehicle?,Your favourite food?,7000,2313-4fh4-8djdr
DDvan5gxQcQk7GjX0ONLdQjTVSb2,Ferrari,sai,Your favourite vehicle?,Your favourite food?,5000,8273-8ed4-5nhrs
d9T7e5YY1oc7oULWlKOuC6DKc2Y2,dhoni1,Canada,What is your favourite cricketer?,Where is halifax in?,6000,1234-5fq2-6gdgd
VefFGH2Y6tO0O7qoDE6CGRnrSIJ3,car123,food123,Your favourite vehicle?,Your favourite food?,5000,2313-4fh4-8djdr
sPJGNAHCNGYdGYWbu2XGBDo7cVW2,audi,chicken,Your favourite vehicle?,Your favourite food?,7300,8273-8ed4-5nhrs
tDUu0p7AgQWlSpJxmFx9gBgQAjZ2,Merc,Paneer,Your favourite vehicle?,Your favourite food?,7000,8273-8ed4-5nhrs
